vendor_name,address,account_number,claim_amount
11159534 CANADA INC,16 london plane dr Markham ON L 6C 0X7,,"2,374.66"
11159534 CANADA INC,4441 HWY7 EAST Unionville ON L 3R 1M1,,"1,223.47"
12038218 Canada Inc,1 Isaiah Dr Woodbridge ON L 4H 0C3,,"1,688.52"
12329697 CANADA INC,24 ROUGE ST MARKHAM ON L 3P 1K8,,"7,783.36"
13159302 Canada Inc,87 sandyhaven dr scarborough ON M 1W3H8,,664.94
13614603 CANADA INC,243 Dunview Ave North York ON M 2N4J3,,"3,916.52"
14209915 Canada Inc,"3225 Hwy 7 E, Unit 1-A Markham ON L 3R 3P3",,490.23
2781450 Ontario Inc,28 Donald Buttress Blvd West Markham ON L 6C 0P1,,299.30
5034233 Ontario Corp,2165 Williams Pkwy Bramton ON L 6S 6B8,,"9,156.89"
6 DEGREES HOLDINGS (11753649 CANADA INC,P.O . Box 8492 St John's NL A 1B 3T3 ),,"11,766.68"
9317-0124 QUEBEC INC,601 Gordon Baker Rd North York ON M 2H3B8,,"6,797.17"
9450 -7811 Quebec Inc,7320 CORDNER RUE LASALLE QC H 8N2W8,DOKING,"1,014.58"
ADORACARE CANADA INC,"160 BRADWICK DR , UNIT 30 CONCORD ON L 4K 1K8",,"20,007.10"
Ailand Accessories Co,75 The Donway W. Unit 809 North York ON M 3C 2E9,,260.02
AIMCO TRADING LTD,4131 Vanguard Road Richmond BC V 6X 2P6,,"5,335.53"
AJ International Trading,375 Edward Ave Richmond Hill ON L 4C 5E5,,"159,244.27"
ALLIED PIONNEERS ENTERPRISES TORONTO CO,"235 Riviera Drive, Unit 2 Toronto ON L 3R 5J9",,"21,838.02"
American Express Company,2225 sheppard avenue east Toronto ON M 2J 5C2,,"356,858.00"
ANTBOX,#20-8481 Keele St Concord ON L 4K 1Z6,,"9,417.41"
Ark Global Trading,41 Sandham Crescent Markham ON L 3S 4J7,,324.60
Avison Young ITF Rothman Real Estate Investment Ltd,"Suite 2500- 222 Bay Street,PO Box 245 Toronto ON M 5K 1J5",,"137,229.00"
B&P WHOLES,58 truman rd north york ON M 2L 2L6,,"3,189.88"
BAI&SUN FOOD DISTRITION INC,710 Progress Ave Unit 7 & 8 Scarborough ON M 1H 2X3,,"162,917.20"
BAO Lab,2750 14th Ave Markham ON L 3R 0B6,,"9,994.92"
CANADA BERRIES GROUP COMPANIES,627 -6081 NO .3 ROAD RICHMOND BC V 6Y 2B2,,260.00
CANADA POST CORPORATION PAYMENT PROCESSING,2701 RIVERSIDE DRIVE Ottawa ON K 1A 0B1,,"5,705.23"
CANADA ROYAL MILK,"1133 Melville Street, Suite 2700 Vancouver BC V 6E 4E5",BC-20009,"2,614.48"
CANADA ROYAL MILK,"1133 Melville Street, Suite 2700 Vancouver BC V 6E 4E5",ON-20006,"1,016.74"
CANADA ROYAL MILK,"1133 Melville Street, Suite 2700 Vancouver BC V 6E 4E5",ON-20008,"5,379.46"
Capelin Garment Corp,3005 -761 Bay Street Toronto ON M 5G 2R2,,"1,411.33"
CBL Trading Inc,10 Newgale Gate Unit 4-5 Scarborough ON M 1X 1C5,,"191,468.50"
CHINESE BOOK CITY,6-9033 Leslie St Richmond Hill ON L 4B4K3,,"21,962.29"
CONSOLIDATED CANADIAN ENTERPRISE LTD,UNIT 100 -13500 VERDUN PLACE RICHMOND BC V 6V 1V2,,"27,496.98"
Creative Workshop,11-80 West Beaver Creek Richmond Hill ON L 4B 1H3,,393.78
DLJ TRADING INC,158 -11860 Hammersmith Way Richmond BC V 7A 5G1,,"1,705.48"
DOKING,7320 Rue Cordner LaSalle QC H 8N 2W8,ON-20026,"4,256.67"
East Starland International,2450 MORINGSIDE AVE UNIT 8 TORONTO ON M 1X 2E5,,475.85
EF Trading,24-1295 Eglinton Ave E Mississauga ON L 4W 3E6,,"19,664.22"
EMME FOOD ENTERPRISES,#100 -14351 Burrows Rd Richmond BC V 6V 1K9,,"22,632.79"
Employees,355 Apple Creek Blvd Markham ON L 3R 9X7,,"318,000.00"
ENSONKAN Canada,"278, 13986 Cambie Road Richmond BC V 6V2K3",,"2,011.51"
EVERY GREEN INTERMATIONAL INC,2071McCowan Road SCARBOROUGH ON M 1S 3Y6,,"28,051.68"
EZLINK LOGISTICS LTD,6711 Elmbridge Way #200 Richmond BC V 6K 4V2,,"14,155.05"
FANTONG INC,25 sandwood Dr Thornhill ON L 4J 8W8,,376.00
FEDEX CANADA,5550 Explorer Dr #600 Mississauga ON L 4W 0C3,,"117,731.84"
Fidelitech Canada Inc,217 Bachman Dr Vaughan ON L 6A 3V7,,"116,403.04"
First Century International Culture Development Co,"488 West Kings Road , Ltd North Vancouver BC V 7N 2M3",,961.65
FIVE CONTINENTS INTERNATIONAL LTD,1880 Birchmount Rd Scarborough ON M 1P 2J7,,"589,654.50"
FreshenOPT,85 Ferrier Street Markham ON L 3R 3K6,,625.61
FRESHENOPT,85 Ferrier Street Markham ON L 3R 3K6,,"1,997.72"
FUNLLY FUNLLY International Trade,16 Kirkdale Crescent North York ON M 3B 2J8,,"30,284.67"
Galaxy Security Corporation,"7755 Warden Ave, Unit 1 Markham ON L 3R 0N3",,986.10
GLANMOOR,"500 DORIS AVENUE, SUITE 322 TORONTO ON M 2N 0C1",,"1,164.74"
Global Royal Products,Unit 1B 160 West Beaver Creek Rd ON Richmond Hill ON L 4B 1B4,,"46,173.42"
Golden Nest Canada Inc,"37 Esna Park Drive, Unit # 2 Markham ON L 3R 1C9",,"15,618.87"
GRAND OCEAN INTERNATIONAL TRADING LTD,119 - 3231 No. 6 Road Richmond BC V 6V 1P6,,"72,219.81"
GREAT GRACE ENTERPRISE,8481 Keele St Concord ON L 4K 1Z6,,"57,686.61"
GREAT MOUNTAIN GINSENG CO. LTD,"16 East Wilmot St , Unit A Richmond Hill ON L 4B 1C8",,"2,194.40"
Gree 11875299 Canada Inc,"634 colby dr, unit 1 waterloo ON N 2V 1A2",,770.55
GREEN MOUNTAIN INTERNATIONAL CORPORATION,3302 - 50 ANN O'REILLY ROAD North York ON M 2J 0E1,,"64,084.79"
HARLIS INTERNATIONAL LTD,2351 ROYAL WINDSOR DRIVE UNIT 205 MISSISSAUGA ON L 5J 4S7,,460.02
"HUA MEN TRADING CO, LTD",7 Golden Gate Ct Toronto ON M 1P 3A4,,"65,731.29"
HUSKY SUP EXPRESS INC,"45A WEST WILMOT ST, UNIT A15 RICHMOND HILL ON L 4B2P3",,"3,472.12"
ICHA CANADA INC,4-235 SPADINA AVE TORONTO ON M 5T 2E2,,645.80
IF TECHNOLOGY,20 Amber St. Unit 4 Markham ON L 3R 5P4,,"1,079.89"
INTCO CANADA INC,"64 Jardin Drive, Unit 2B Concord ON L 4K 3P3",,"3,181.36"
JACA'S KITCHEN CORP,5680 -198 st Langley BC V 3A 7C7,,"1,802.90"
JACATO HOLDING INC,"150 MILNER AVENUE, #43 SCARBOROUGH ON M 1S 3R3",,"11,714.92"
JIREH TRADING & MARKETING INCORPORATED,128 -1999 Savage Rd Richmond BC V 6V 0A5,,"37,503.18"
JoyShare Food Inc,"Unit 108, 7550 Birchmount Road Markham ON L 3R 6C6",,"270,785.31"
JTA TRADING LTD,"3511 Viking Way, Unit 1 Richmond BC V 6V 1W1",,"30,522.48"
JUCAN INTERNATIONAL TRADING CORPORATION,"Unit 6, 2800 14th Ave MARKHAM ON L 3R 0E4",,"282,094.68"
JUST BUY,Unit 527 -180 John St Toronto ON M 5T 1X5,,"1,187.36"
KAIXIAOCHAI TRADING LTD,104 -8811 Laurel St Vancouver BC V 6P 3V9,,"6,187.20"
KAM WAH RESOURCE CO.LTD,"20 Alden Rd,Unit 1 Markham ON L 3R2S1",,"122,095.85"
KOREA FOOD TRADING LTD,8500 KEELE STREET VAUGHAN ON L 4K2A6,,"14,766.88"
KOREAN COSMETICS,135 Pony Drive Newmarket ON L 3Y 7B5,,"20,012.99"
KORSMET INC,135 Pony Drive Newmarket ON L 3Y 7B5,,"1,507,614.22"
KUEHNE+NAGEL,77 Foster Cres Mississauga ON L 5R 0K1,,"20,719.57"
LAND VOGUE CO,12353 104Ave Surrey BC V 3V 3H3,,"2,562.57"
LE ROUGE LIFE,"200 Cachet Woods Ct, Unit 222 Markham ON L 6C 0Z8",,320.42
LEGENDARY TRADING CORP,2800 HILLMOUNT RD UNIT 6 MARKHAM ON L 6C 3A1,,"150,312.51"
LEMOND FOOD CORP,177 CROSBY AVE RICHMOND HILL ON L 4C 2R3,,"4,796.40"
LENAN INTERNATIONAL TRADING COMPANY,180 INDUSTRIAL PARKWAY N AURORA ON L 4G 4C3,,"10,249.87"
Little Lango Ltd,34 Denarius Crescent Richmond Hill ON L 4E 0Z1,,"81,627.86"
LONGTECH COMPUTER DISTRIBUTION,300a ALDEN ROAD Markham ON L 3R 4C1,,"1,928.87"
LULLABUY COMMERCIAL AND TRADING INC,2104 -5611 goring st BURNABY BC V 5B 0A3,,"27,270.46"
MAILA TRADING INC,21-3241 kennedy rd scarborough ON M 1V 2J8,,"35,938.18"
Maple Earth International Trading Ltd,150 -10451 Shellbridge Way Richmond BC V 6X 2W8,,"5,513.35"
MARSQUEST,"Unit 23, 250 Shields Crt Markham ON L 3R 9W7",,361.35
MC Capital group LTD,6-245 WEST BEAVER CREEK RD RICHMOND HILL ON L 4B 1L1,,"4,222.30"
MEGUMI FOOD TRADING,"100 Harry Walker Pky N, Unit 2 Newmarket ON L 3Y 7B2",,"44,539.21"
MetaOcean International Inc,48 Shoshana Dr Richmond Hill ON L 4S 2N5,,"97,120.95"
MI INTERNATIONAL TRADING,397 FLAMINGO RD THORNHILL ON L 4J 8L4,,"93,240.05"
NARUKO CANADA INC,181 Bentley st Unit 5 Markham ON L 3R 3Y1,,"36,030.81"
NEBULA GRASS INC,18 Aspy Crt Vaughan ON L 6A 4X8,,"2,258.94"
NIKORO CANADA,87 sandyhaven dr Scarborough ON m 1w3h8,BC--20063,"3,684.28"
NIKORO CANADA,87 sandyhaven dr Scarborough ON m 1w3h8,ON-20062,"10,576.75"
NOAH INTERNATIONAL LTD,5000 Yonge St Suite 1901 Toronto ON M 2N 7E9,,"3,871.02"
NORSU ORGANIC,80 Denlow Blvd Toronto ON M 3B1P9,,"1,690.99"
NORSU USD,80 Denlow Blvd Toronto ON M 3B1P9,,514.72
OHMO PUP,285 Taunton Rd E #078 Oshawa ON L 1G 3V2,,"23,374.95"
OM Consulting Inc,101 -1520 Rand Ave Vancouver BC V 6P 3G2,,"8,176.17"
OMG SMART LIVING USD,101 -1520 Rand Ave Vancouver BC V 6P 3G2,,"2,721.88"
"Pacific Marketing Alliance, Inc",142 -8528 Glenlyon Parkway Burnaby BC V 5J 0B6,,"74,398.54"
Porosense Inc,#3 170 West Beaver Creek Richmond Hill ON L 4B 1L1,,"134,522.44"
PURE RAUM KOREAN ESTHETIC & SPA SUPPLIES,50 SPRINGHOUSE SQUARE TORONTO ON M 1W 2X1,,"14,813.06"
Rainbowcon Inc,3623 Hwy 7 #107 Markham ON L 3R 8X6,,"4,654.27"
RONGSHENG CANADA LTD,802 -89 south town center blvd Markham ON L 6G1C3,,"1,053.73"
RONGSHENG,802 -89 south town center blvd Markham ON L 6G1C3,ON--20064,"9,326.09"
S Republic Ltd,72 Meadowview Ave Thornhill ON L 3T 1K7,,"156,198.99"
S&Z GLOBAL LTD,303 -20 Walgrove Walk SE Calgary AB T 2X 4L2,,"89,123.97"
SAVANNYTOY HOUSE,3220 RIVER ROAD Richmond BC V 7C 5N2,BC-20041,"1,128.56"
Sci Innovation,7030 Woodbine Ave #900 Markham ON L 3R 6G2,,"3,086.13"
SELECTION,Unit 3902- 955 Bay St Toronto ON M 5S 0C6,,"4,865.91"
SELECTION,Unit 3902- 955 Bay St Toronto ON M 5S 0C6,,711.15
SELECTION,Unit 3902- 955 Bay St Toronto ON M 5S 0C6,,"1,906.42"
SEOUL APPAREL LTD,235 Hood Rd # 2 Markham ON L 3R 4N3,,"3,132.26"
SEOUL SEOUL US,235 Hood Rd # 2 Markham ON L 3R 4N3,,678.56
SHANHE GROUP INC,2721 Rena Road Mississauga ON L 4T 3K1,,"60,362.13"
SHINO COTTON INTERNATIONAL LTD,9040 LESLIE STREET UNIT 1 Richmond Hill ON L 4B 3M4,,"21,030.73"
SHINY STAR CANADA LTD,161 McPherson Street Markham ON L 3R 3L3,,"28,440.00"
Signature Cosmetics,3601 Hwy 7 Suite 801 Markham ON L 3R 0M3,,"88,035.77"
SimpleWay International Trading Co,5510 Yonge St North York ON M 2N 7L3,,"2,714.04"
SKG Canada,"Unit 11, 80 West Beaver Creek Rd Richmond Hill ON L 4B 1H3",,"7,558.87"
Smart -Link Homeware Product INC,"100 Steelcase Rd E, Unit 105 Markham ON L 3R 1E8",,"51,416.33"
Split Second Electronics Corporation,57 Steelcase Road West Markham ON L 3R 2M4,,"79,900.12"
SUNNY HOMEPLUS,301 Flint Road Toronto ON M 3J 2J2,,264.99
SUNNYVILLE Health Inc,50 Castan Ave Markham ON L 3R 4R6,,"1,358.14"
Symbolic Marketing Ltd,55 Albert Street Suite 100 Markham ON L 3P2T4,,679.69
Tan Mujiang Canada Inc,88 Holly Dr Richmond Hil ON L 4S 2R5,,"2,276.36"
TAO TEA LEAF,934 Yonge Street Toronto ON M 4W 2J2,,"2,328.06"
TEDDYBOB ENTERPRISES INC,26 PINE ST YORK ON M 9N 2Y8,,"18,215.96"
THAI UNITED FOOD TRADING LTD,unit 2- 7978 north fraser way Burnaby BC V 5J 0C7,,"6,636.26"
THE PATH OF HEALTH INC,70 Lakespring Dr Markham ON L 6C2Z1,,"1,758.09"
THE PEPSI BOTTLING GROUP,5900 Falbourne Steet Missisauga ON L 5R 3M2,,"2,952.00"
TheLastShopCA Incorporated,"205 Placer Court, unit 202 North York ON M 2H 0A9",,448.00
TOTAL iPETS,31 hammond dr Aurora ON L 4G 2T8,,350.30
TOYSCO 12038218 Canada Inc,1 Isaiah Dr Woodbridge ON L 4H 0C3,,"4,119.31"
TOYSCO,1 Isaiah Dr Woodbridge ON L 4H 0C3,ON-20052,"6,829.38"
Toytexx Inc,120 Duffield Dr Markham ON L 6G 1B5,,"4,737.68"
TriRose,91 finchdene square Scarborough ON M 1X 1A7,,"318,803.19"
Umeken Canada Inc,9 Singer Court Toronto ON M 2K 1C5,,"3,199.12"
UNI-ONE FOOD GROUP,1520 Derwent Way Delta BC V 3M 6N7,,"499,335.81"
UNIQUAN INC,1250B Reid St. Unit 3B Richmond Hill ON L 4B 1E9,,"3,201.48"
Unison Worldwide Design Canada Inc,2-3350 Ridgeway Drive Mississauga ON L 5L5Z9,,"2,241.79"
United Parcel Service Canada Ltd,"PO Box 4900, Station A Toronto ON M 4W 0A7",,"33,152.19"
VENTMERE LTD,145 Idema Rd Markham ON L 2R 1A9,,"25,615.46"
VIVA HEALTH,#121 -11780 Hammersmith Way Richmond BC V 7A 5E9,,768.82
VIVA HEALTH SKINCARE,#121 -11780 Hammersmith Way Richmond BC V 7A 5E9,,"1,098.60"
W&J Fashion Trade,#301 -4936 Yonge Street North York ON M 2N 6S3,,"2,447.57"
WE4BABY DISTRIBUTION ONTARIO INC,140 -13431 Maycrest Way (2731045 Richmond BC V 6V 2M3 ),,"5,300.49"
WENHOME Ltd,1001 Arrow Rd North York ON M 9M 2Z5,,"1,003.23"
WENHOME PET,"1001 Arrow Rd, North York ON M 9M 2Z5",,"2,016.31"
Wesgroup Properties,Suite 2000 – 595 Burrard Street Vancouver BC V 6C 0E4,,"166,745.00"
XGIMI,101 -1520 Rand Ave Vancouver BC V 6P 3G2,,"63,618.34"
XIANGDEZHAI BAKERY LTD,UNIT 134 -70 SILVER STAR BLVD Scarborough ON M 1V 5E6,,"2,998.90"
XINGYUN GROUP,170 Torbay Rd MARKHAM ON L 3R 1G6,,"97,785.26"
YUUMI PET INC,1211 -115 MCMAHON DRIVE NORTH YORK ON M 2K 0E3,,"5,921.44"
ZHENGHE INTERNATIONAL LTD,1870 BIRCHMOUNT RD Scarborough ON M 1P2J7,,"144,023.95"
Zhengjia Internationl Trade LTD,21 Kirvan Drive Guelph ON N 1G 0A8,,"1,275.92"
ZILLABEAU CANADA,5298 GRIMMER ST BURNABY BC V 5H 2H2,,332.66
Zwilling J.A. Henckels,435 Cochrane Dr Markham ON L 3R 9R5,,"37,676.27"
