creditor_name,location,claim_amount
11159534 CANADA INC 16 london plane dr,Markham ON L 6C 0X7,"2,374.66"
11159534 CANADA INC 4441 HWY7 EAST,Unionville ON L 3R 1M1,"1,223.47"
12038218 Canada Inc. 1 Isaiah Dr,Woodbridge ON L 4H 0C3,"1,688.52"
12329697 CANADA INC 24 ROUGE ST,MARKHAM ON L 3P 1K8,"7,783.36"
13159302 Canada Inc. 87 sandyhaven dr,scarborough ON M 1W3H8,664.94
13614603 CANADA INC 243 Dunview Ave,North York ON M 2N4J3,"3,916.52"
"14209915 Canada Inc. 3225 Hwy 7 E, Unit 1-A",Markham ON L 3R 3P3,490.23
2781450 Ontario Inc. 28 Donald Buttress Blvd West,Markham ON L 6C 0P1,299.30
5034233 Ontario Corp. 2165 Williams Pkwy,Bramton ON L 6S 6B8,"9,156.89"
6 DEGREES P.O . Box 8492,HOLDINGS (11753649 St John's NL A 1B 3T3 CANADA INC ),"11,766.68"
9317-0124 QUEBEC INC. 601 Gordon Baker Rd,North York ON M 2H3B8,"6,797.17"
9450 -7811 Quebec Inc. 7320 CORDNER RUE,DOKING LASALLE QC H 8N2W8,"1,014.58"
"A quality life RM12,","20 /F, Ho King Comm CTR, 2-16 Fayuen ST Kowloon Hong Kong","33,220.67"
ADORACARE CANADA INC,"160 BRADWICK DR ., UNIT 30 CONCORD ON L 4K 1K8","20,007.10"
Ailand Accessories Co,75 The Donway W. Unit 809 North York ON M 3C 2E9,260.02
AIMCO TRADING LTD,4131 Vanguard Road Richmond BC V 6X 2P6,"5,335.53"
AJ International Trading,375 Edward Ave Richmond Hill ON L 4C 5E5,"159,244.27"
ALLIED PIONNEERS,"235 Riviera Drive, Unit 2 ENTERPRISES TORONTO Toronto ON L 3R 5J9 CO","21,838.02"
AMAZBUY(VISIONUP) US,4054 148th Ave NE Redmond WA 98052 USA,"5,896.37"
"America Jiayi, Inc",1355 Darius Ct CITY OF INDUSTRY CA 91745 USA,"88,310.09"
American Express Company,2225 sheppard avenue east Toronto ON M 2J 5C2,"356,858.00"
ANTBOX #20-8481 Keele St,Concord ON L 4K 1Z6,"9,417.41"
Ark Global Trading,41 Sandham Crescent Markham ON L 3S 4J7,324.60
ASIS US,"1250 N Lakeview Ave, Ste J Anaheim CA 92807 USA","4,998.80"
Avison Young ITF Rothman Suite 2500-,"222 Bay Street,PO Box 245 Real Estate Investment Ltd . Toronto ON M 5K 1J5","137,229.00"
Ayming Canada Inc,,"57,357.67"
B&P WHOLES,58 truman rd north york ON M 2L 2L6,"3,189.88"
BAI&SUN FOOD DISTRITION,710 Progress Ave Unit 7 & 8 INC Scarborough ON M 1H 2X3,"162,917.20"
BAO Lab,2750 14th Ave Markham ON L 3R 0B6,"9,994.92"
BCC GLOBAL INC,19223 COLIMA ROAD #806 ROWLAND HEIGHTS CA 91748 USA,"9,658.01"
Blue sea rising,6/F MANULIFE PLACE 348 KWUN TONG RD KL Kowloon Hong Kong,"2,064.55"
"BoBo Island Gongyuan North Road, Yuxiuwan, No .8 building,Linfen",City Shanxi Providence 41000 China,"2,378.22"
"BOBO ISLAND ON-20028 Gongyuan North Road, Yuxiuwan, No .8 building,",Linfen City Shanxi Providence 41000 China,"8,470.25"
BUBBLE RM,2609 China Resources BLDG 26 Harbour RD Wanchai Hong Kong,291.49
CANADA BERRIES GROUP,627 -6081 NO .3 ROAD COMPANIES RICHMOND BC V 6Y 2B2,260.00
CANADA POST,2701 RIVERSIDE DRIVE CORPORATION Ottawa ON K 1A 0B1 PAYMENT PROCESSING,"5,705.23"
CANADA ROYAL MILK,"1133 Melville Street, Suite 2700 BC-20009 Vancouver BC V 6E 4E5","2,614.48"
CANADA ROYAL MILK,"1133 Melville Street, Suite 2700 ON-20006 Vancouver BC V 6E 4E5","1,016.74"
CANADA ROYAL MILK,"1133 Melville Street, Suite 2700 ON-20008 Vancouver BC V 6E 4E5","5,379.46"
Capelin Garment Corp,3005 -761 Bay Street Toronto ON M 5G 2R2,"1,411.33"
CBL Trading Inc,10 Newgale Gate Unit 4-5 Scarborough ON M 1X 1C5,"191,468.50"
CHINESE BOOK CITY,6-9033 Leslie St Richmond Hill ON L 4B4K3,"21,962.29"
CONSOLIDATED CANADIAN UNIT,100 -13500 VERDUN PLACE ENTERPRISE LTD RICHMOND BC V 6V 1V2,"27,496.98"
Creative Workshop,11-80 West Beaver Creek Richmond Hill ON L 4B 1H3,393.78
CURRENTBODY.COM LTD Unit D6 Commercial Avenue Stanley Green Industrial,"Estate, Cheadle Hulme Cheshire SK8 6QH United Kingdom",735.26
DLJ TRADING INC,158 -11860 Hammersmith Way Richmond BC V 7A 5G1,"1,705.48"
DOKING ON-20026,7320 Rue Cordner LaSalle QC H 8N 2W8,"4,256.67"
"DONGHWA TRADING #1001 J-Tower 2, Bangchuk -ro 312, Michuhol -gu",CO.LTD Incheon South Korea,"60,900.76"
East Starland International,2450 MORINGSIDE AVE UNIT 8 TORONTO ON M 1X 2E5,475.85
EF Trading,24-1295 Eglinton Ave E Mississauga ON L 4W 3E6,"19,664.22"
Emerging Tides of the Blue,6/F MANULIFE PLACE 348 KWUN TONG RD KL Sea Hong Kong 999077 Hong Kong,"1,907.45"
EMME FOOD ENTERPRISES #100 -14351 Burrows Rd,Richmond BC V 6V 1K9,"22,632.79"
Employees,355 Apple Creek Blvd Markham ON L 3R 9X7,"318,000.00"
"ENSONKAN Canada 278,",13986 Cambie Road Richmond BC V 6V2K3,"2,011.51"
ENTURY GROW (SG),6 RAFFLES QUAY #14 -06 PTE .LTD Singapore Singapore,"1,018.72"
EVERY GREEN 2071McCowan Road,INTERMATIONAL INC SCARBOROUGH ON M 1S 3Y6,"28,051.68"
EZLINK LOGISTICS LTD,6711 Elmbridge Way #200 Richmond BC V 6K 4V2,"14,155.05"
FANTONG INC,25 sandwood Dr Thornhill ON L 4J 8W8,376.00
Federal Express Corporation,,"666,319.83"
FEDEX CANADA,5550 Explorer Dr #600 Mississauga ON L 4W 0C3,"117,731.84"
Fidelitech Canada Inc,217 Bachman Dr Vaughan ON L 6A 3V7,"116,403.04"
First Century International,"488 West Kings Road Culture Development Co ., Ltd North Vancouver BC V 7N 2M3",961.65
FIVE CONTINENTS,1880 Birchmount Rd INTERNATIONAL LTD Scarborough ON M 1P 2J7,"589,654.50"
FreshenOPT,85 Ferrier Street Markham ON L 3R 3K6,625.61
FRESHENOPT,85 Ferrier Street Markham ON L 3R 3K6,"1,997.72"
FUNLLY FUNLLY,16 Kirkdale Crescent International Trade North York ON M 3B 2J8,"30,284.67"
"FUUMALL LIMITED Room D07, 8th Floor, Kai Tak Factory Building Phase","II, No. 99 King Fuk Street, San Po Kong Kowloon Hong Kong","59,485.16"
Galaxy Security Corporation,"7755 Warden Ave, Unit 1 Markham ON L 3R 0N3",986.10
GLANMOOR,"500 DORIS AVENUE, SUITE 322 TORONTO ON M 2N 0C1","1,164.74"
Global Royal Products Unit,1B 160 West Beaver Creek Rd ON Richmond Hill ON L 4B 1B4,"46,173.42"
GLOW KOREA,"691 Daean -ro, Wonju -si Gangwon -do Korea","4,650.62"
Golden Nest Canada Inc,"37 Esna Park Drive, Unit # 2 Markham ON L 3R 1C9","15,618.87"
GRAND OCEAN,119 - 3231 No. 6 Road INTERNATIONAL TRADING Richmond BC V 6V 1P6 LTD,"72,219.81"
GREAT GRACE,8481 Keele St ENTERPRISE Concord ON L 4K 1Z6,"57,686.61"
GREAT MOUNTAIN,"16 East Wilmot St ., Unit A GINSENG CO. LTD Richmond Hill ON L 4B 1C8","2,194.40"
Gree 11875299 Canada Inc,"634 colby dr, unit 1 waterloo ON N 2V 1A2",770.55
GREEN MOUNTAIN,3302 - 50 ANN O'REILLY ROAD INTERNATIONAL North York ON M 2J 0E1 CORPORATION,"64,084.79"
"Guangdong Okay Technology PINTNAN VILLAGE, SANXIANG, ZHONGSHAN","Co, .LTD Guangdong China","1,400.89"
"GuoXin Ind Co., Ltd NO.801, Bldg 10, 2nd Tin Fu Loi Industry Area","Ronggui Town, Shunde District, Foshan City China","5,193.84"
HALZAT INC,10880 Thienes Ave South El Monte CA 91733 USA,"133,370.63"
HARLIS INTERNATIONAL,2351 ROYAL WINDSOR DRIVE UNIT 205 LTD MISSISSAUGA ON L 5J 4S7,460.02
"HK BOYA RESOURCES Room 601, floor 6, building 4, yard 1, Yuxi 1st Street,",LIMITED Togzhou District Beijing China,"173,368.44"
HONGKONG FUJIAN UNIT,2508A 25 /F; Bank of America Tower;12 TRADING LTD Harcourt RD Central 999077 Hong Kong,"1,597.88"
"Hongmao Cross -border Trade Room D07, 8th Floor, Kai Tak Factory Building Phase","Service (Beijing) Co ., Ltd . II, No. 99 King Fuk Street, San Po Kong Kowloon Hong Kong","402,346.04"
"Hou Dak Ji Limited RM12,","20 /F, Ho King Comm CTR, 2-16 Fayuen ST, Mongkok Kowloon Hong Kong","12,844.42"
"HUA MEN TRADING CO,",7 Golden Gate Ct LTD Toronto ON M 1P 3A4,"65,731.29"
HUSKY SUP EXPRESS INC,"45A WEST WILMOT ST, UNIT A15 RICHMOND HILL ON L 4B2P3","3,472.12"
ICHA CANADA INC,4-235 SPADINA AVE TORONTO ON M 5T 2E2,645.80
IF TECHNOLOGY,20 Amber St. Unit 4 Markham ON L 3R 5P4,"1,079.89"
"I'm Mimi International, Inc","8185 Belvedere Avenue, Suite E Sacramento CA 95826 USA","87,222.72"
INTCO CANADA INC,"64 Jardin Drive, Unit 2B Concord ON L 4K 3P3","3,181.36"
"Isesai Co., Ltd. (Japan) MINAMINARUSE,","5-18-1, Daiichiburakkibiru 106 Tokyo Machida 194 -0045 Japan","317,966.68"
JACA'S KITCHEN CORP,5680 -198 st Langley BC V 3A 7C7,"1,802.90"
JACATO HOLDING INC,"150 MILNER AVENUE, #43 SCARBOROUGH ON M 1S 3R3","11,714.92"
"Jiangsu Junmei Times Tea Room 106, No .6 Shuiyougang, Gulou, Nanjing","Co., Ltd Jiangsu Province China","2,443.07"
"Jilin Xiangshuo Internet Retail Room 501, No. 86, Meilan Lake Field, Luofen Road,",Firm Baoshan District Shanghai China,"24,257.96"
"Jinan Chixi Trading Co., Ltd Room B","1-423, Building B, Fenghuang Center, Country Garden, Shunhua Road Street Jinan City, Shandong Province China","56,827.75"
"Jinan Hanyi Advertising Co ., Room","2201 A4, Unit 1, Building 3, No .7, Huaxianchang Ltd Road, Lixia Districtnce, Jinan City SHANDONG PROVINCE China","8,034.46"
"Jinan Secchic Trading Co ., Room 906, 9th Floor, Building 2, Aosheng Building, No","Ltd 1166 Xinluo Street, High tech Zone, Jinan City SHANDONG PROVINCE China","145,089.72"
JIREH TRADING &,128 -1999 Savage Rd MARKETING Richmond BC V 6V 0A5 INCORPORATED,"37,503.18"
"JoyShare Food Inc Unit 108,",7550 Birchmount Road Markham ON L 3R 6C6,"270,785.31"
JTA TRADING LTD,"3511 Viking Way, Unit 1 Richmond BC V 6V 1W1","30,522.48"
"JUCAN INTERNATIONAL Unit 6,",2800 14th Ave TRADING CORPORATION MARKHAM ON L 3R 0E4,"282,094.68"
JUST BUY Unit,527 -180 John St Toronto ON M 5T 1X5,"1,187.36"
KAIXIAOCHAI TRADING LTD,104 -8811 Laurel St Vancouver BC V 6P 3V9,"6,187.20"
KAM WAH RESOURCE,"20 Alden Rd,Unit 1 CO.LTD Markham ON L 3R2S1","122,095.85"
"KILALA Unit1002 ,10/F,PerfectCommercialBuilding,20AustinAve","nue, TsimSha Tsui Kowloon Hong Kong","18,458.32"
KOREA FOOD TRADING,8500 KEELE STREET LTD VAUGHAN ON L 4K2A6,"14,766.88"
KOREAN COSMETICS,135 Pony Drive Newmarket ON L 3Y 7B5,"20,012.99"
KORSMET INC,135 Pony Drive Newmarket ON L 3Y 7B5,"1,507,614.22"
KUEHNE+NAGEL,77 Foster Cres Mississauga ON L 5R 0K1,"20,719.57"
LAND VOGUE CO,12353 104Ave Surrey BC V 3V 3H3,"2,562.57"
LE ROUGE LIFE,"200 Cachet Woods Ct, Unit 222 Markham ON L 6C 0Z8",320.42
LEGENDARY TRADING,2800 HILLMOUNT RD UNIT 6 CORP MARKHAM ON L 6C 3A1,"150,312.51"
LEMOND FOOD CORP,177 CROSBY AVE RICHMOND HILL ON L 4C 2R3,"4,796.40"
LENAN INTERNATIONAL,180 INDUSTRIAL PARKWAY N TRADING COMPANY AURORA ON L 4G 4C3,"10,249.87"
Lightning Express,,"95,951.50"
Little Lango Ltd,34 Denarius Crescent Richmond Hill ON L 4E 0Z1,"81,627.86"
LONGTECH COMPUTER,300a ALDEN ROAD DISTRIBUTION Markham ON L 3R 4C1,"1,928.87"
LULLABUY COMMERCIAL,2104 -5611 goring st AND TRADING INC . BURNABY BC V 5B 0A3,"27,270.46"
MAILA TRADING INC,21-3241 kennedy rd scarborough ON M 1V 2J8,"35,938.18"
Maple Earth International,150 -10451 Shellbridge Way Trading Ltd . Richmond BC V 6X 2W8,"5,513.35"
"Maple International Co ., Ltd","1-3-1 , , Uchisaiwaicho, Chiyoda -ku, 9th floor, saiwai (Japan ) Building Tokyo 100 -0011 Japan","21,960.48"
"MARSQUEST Unit 23,",250 Shields Crt Markham ON L 3R 9W7,361.35
"Marusei Trading Co., Ltd",2-1- 24 Kawagishi Saitama 335 -0015 Japan,"1,020,068.34"
MC Capital group LTD,6-245 WEST BEAVER CREEK RD RICHMOND HILL ON L 4B 1L1,"4,222.30"
MEGUMI FOOD TRADING,"100 Harry Walker Pky N, Unit 2 Newmarket ON L 3Y 7B2","44,539.21"
MetaOcean International Inc,48 Shoshana Dr Richmond Hill ON L 4S 2N5,"97,120.95"
MI INTERNATIONAL,397 FLAMINGO RD TRADING THORNHILL ON L 4J 8L4,"93,240.05"
MOODY GLOBAL LIMITED RM,2609 China Resources BLDG 26 Harbour RD Wanchai Hong Kong,"41,785.88"
NARUKO CANADA INC,181 Bentley st Unit 5 Markham ON L 3R 3Y1,"36,030.81"
NEBULA GRASS INC,18 Aspy Crt Vaughan ON L 6A 4X8,"2,258.94"
NESTLADY INC,13841 Roswell Ave Ste H Chino CA 91710 USA,"13,107.02"
NIKORO CANADA BC--20063,87 sandyhaven dr Scarborough ON m 1w3h8,"3,684.28"
NIKORO CANADA ON -,87 sandyhaven dr -20062 Scarborough ON m 1w3h8,"10,576.75"
Ninecomm LLC,"3914 Murphy Canyon Rd, Ste A236 San Diego CA 92123 -4491 USA","2,241.83"
"NINGBO LONGKE PLASTIC No.118 -9 Tianwu, Longfeng Village",Zhangting China,"2,386.18"
NO RESPONSE Room,"2201 A4, Unit 1, Building 3, No .7, Huaxianchang Road, Lixia District, Jinan City SHANDONG PROVINCE China","12,977.56"
NOAH INTERNATIONAL LTD,5000 Yonge St Suite 1901 Toronto ON M 2N 7E9,"3,871.02"
NORSU ORGANIC,80 Denlow Blvd Toronto ON M 3B1P9,"1,690.99"
NORSU USD,80 Denlow Blvd Toronto ON M 3B1P9,514.72
OCEANA USA INC,14888 Los Angeles St Irwindale CA 91706 USA,"71,111.81"
OHMO PUP,285 Taunton Rd E #078 Oshawa ON L 1G 3V2,"23,374.95"
OM Consulting Inc,101 -1520 Rand Ave Vancouver BC V 6P 3G2,"8,176.17"
OMG SMART LIVING USD,101 -1520 Rand Ave Vancouver BC V 6P 3G2,"2,721.88"
"Oriental Choice US Room 501, No. 86, Meilan Lake Field, Luofen Road,",China,"8,399.06"
"Oriental Preferred USD Room 501, No. 86, Meilan Lake Field, Luofen Road,",Baoshan District Shanghai China,681.92
Outin HOLDING HONGKONG ROOM A,"1-13, FLOOR 3, YEE LIM INDUSTRIAL LIMITED CENTRE 2-28 KWAI LOK STREET KWAI CHUNG 999077 Hong Kong","5,138.69"
"Pacific Marketing Alliance, Inc",142 -8528 Glenlyon Parkway Burnaby BC V 5J 0B6,"74,398.54"
"Pacific Marketing Alliance, Inc",21112 FIGUEROA STREET UNIT B CARSON CA 90745 USA,"65,311.65"
Perfume Worldwide Inc,2020 Ocean Ave Ronkonkoma NY 11779 USA,"6,225.29"
Porosense Inc #3,170 West Beaver Creek Richmond Hill ON L 4B 1L1,"134,522.44"
"PROF.LING BC--20007 Room 204B, Building 4,","2377 Shenkun Road, Minhang District Shanghai China","3,733.63"
"PROF.LING ON-20006 Room 204B, Building 4,","2377 Shenkun Road, Minhang District Shanghai China","15,862.82"
PURE RAUM KOREAN,50 SPRINGHOUSE SQUARE ESTHETIC & SPA SUPPLIES TORONTO ON M 1W 2X1,"14,813.06"
"QNQ Global Co.Ltd 36, Bukhang -ro 193beon -gil, Seo -gu",Incheon South Korea,"524,385.85"
Qw Tech Co,2644 SANTA ANITA AVE APT C EL MONTE CA 91733 USA,"13,238.30"
"R1.CO.,LTD","18-10 KUMANOCHO, Itabashi -Ku Tokyo Japan","41,654.69"
Rainbowcon Inc,3623 Hwy 7 #107 Markham ON L 3R 8X6,"4,654.27"
Ran (Richard) Chen,,"675,000.00"
Rising Dragon Journey,21 Executive Drive Unit 105 Stoneham MA 02180 USA,"1,259.72"
Rohi Trading Inc,47 Brene Irvine CA 92620 USA,"6,938.86"
RONGSHENG CANADA LTD,802 -89 south town center blvd Markham ON L 6G1C3,"1,053.73"
RONGSHENG ON--20064,802 -89 south town center blvd Markham ON L 6G1C3,"9,326.09"
RUI BEAUTY,6353 ROSEMEAD BLVD #162 SAN GABRIEL CA 91775 USA,"30,331.35"
RUN TO DELIVERY,,"22,619.21"
S Republic Ltd,72 Meadowview Ave Thornhill ON L 3T 1K7,"156,198.99"
S&Z GLOBAL LTD,303 -20 Walgrove Walk SE Calgary AB T 2X 4L2,"89,123.97"
SAVANNYTOY HOUSE BC -,3220 RIVER ROAD -20041 Richmond BC V 7C 5N2,"1,128.56"
Sci Innovation,7030 Woodbine Ave #900 Markham ON L 3R 6G2,"3,086.13"
SELECTION Unit 3902-,955 Bay St Toronto ON M 5S 0C6,"4,865.91"
SELECTION BC--20105 Unit 3902-,955 Bay St Toronto ON M 5S 0C6,711.15
SELECTION ON--20104 Unit 3902-,955 Bay St Toronto ON M 5S 0C6,"1,906.42"
SEOUL APPAREL LTD,235 Hood Rd # 2 Markham ON L 3R 4N3,"3,132.26"
SEOUL SEOUL US,235 Hood Rd # 2 Markham ON L 3R 4N3,678.56
SHANHE GROUP INC,2721 Rena Road Mississauga ON L 4T 3K1,"60,362.13"
SHAPES,111 Daytona Ave Cherry Hill NJ 08034 USA,"1,067.54"
"ShenZhen LESHILEXIANG 604, D Building Keyuan, Buji Town, LongGang District","Technology Co .,Ltd Shenzhen China","92,629.35"
"SHENZHEN XIANDOU Fuyuan 1st Road, Zhancheng Community,Fuhai Street,","TRADING CO ., LTD Bao'an District Shenzhen China","183,425.98"
SHINO COTTON,9040 LESLIE STREET UNIT 1 INTERNATIONAL LTD Richmond Hill ON L 4B 3M4,"21,030.73"
SHINY STAR CANADA LTD,161 McPherson Street Markham ON L 3R 3L3,"28,440.00"
Signature Cosmetics,3601 Hwy 7 Suite 801 Markham ON L 3R 0M3,"88,035.77"
SimpleWay International,5510 Yonge St Trading Co . North York ON M 2N 7L3,"2,714.04"
"SKG Canada Unit 11,",80 West Beaver Creek Rd Richmond Hill ON L 4B 1H3,"7,558.87"
Smart -Link Homeware,"100 Steelcase Rd E, Unit 105 Product INC . Markham ON L 3R 1E8","51,416.33"
Split Second Electronics,57 Steelcase Road West Corporation Markham ON L 3R 2M4,"79,900.12"
SUNNY HOMEPLUS,301 Flint Road Toronto ON M 3J 2J2,264.99
SUNNYVILLE Health Inc,50 Castan Ave Markham ON L 3R 4R6,"1,358.14"
Symbolic Marketing Ltd,55 Albert Street Suite 100 Markham ON L 3P2T4,679.69
Tan Mujiang Canada Inc,88 Holly Dr Richmond Hil ON L 4S 2R5,"2,276.36"
"TANGERINE PEEL VILLAGE,","20265 VALLEY BLVD STE R, WALNUT INC CA 91789 /16273 Gale Ave City of Industry CA 91745 USA",546.68
TAO TEA LEAF,934 Yonge Street Toronto ON M 4W 2J2,"2,328.06"
TEDDYBOB ENTERPRISES,26 PINE ST INC YORK ON M 9N 2Y8,"18,215.96"
TESCOM,"4276 Spring Mountain Road, Suite 221 Las Vegas NV 89102 USA","3,125.19"
THAI UNITED FOOD unit 2-,7978 north fraser way TRADING LTD Burnaby BC V 5J 0C7,"6,636.26"
THE PATH OF HEALTH INC,70 Lakespring Dr Markham ON L 6C2Z1,"1,758.09"
THE PEPSI BOTTLING,5900 Falbourne Steet GROUP Missisauga ON L 5R 3M2,"2,952.00"
TheLastShopCA Incorporated,"205 Placer Court, unit 202 North York ON M 2H 0A9",448.00
"TI & MOPH CO.,LTD(Korea)","294 -63 Songsan -ro, Namyangju -si Gyeonggi -do Korea","4,888.53"
TOTAL iPETS,31 hammond dr Aurora ON L 4G 2T8,350.30
TOYSCO 12038218 Canada,1 Isaiah Dr Inc . Woodbridge ON L 4H 0C3,"4,119.31"
TOYSCO ON-20052,1 Isaiah Dr Woodbridge ON L 4H 0C3,"6,829.38"
Toytexx Inc,120 Duffield Dr Markham ON L 6G 1B5,"4,737.68"
TriRose,91 finchdene square Scarborough ON M 1X 1A7,"318,803.19"
Umeken Canada Inc,9 Singer Court Toronto ON M 2K 1C5,"3,199.12"
UNI-ONE FOOD GROUP,1520 Derwent Way Delta BC V 3M 6N7,"499,335.81"
UNIQUAN INC,1250B Reid St. Unit 3B Richmond Hill ON L 4B 1E9,"3,201.48"
Unison Worldwide Design,2-3350 Ridgeway Drive Canada Inc . Mississauga ON L 5L5Z9,"2,241.79"
"United Parcel Service Canada PO Box 4900, Station A",Ltd . Toronto ON M 4W 0A7,"33,152.19"
VENTMERE LTD,145 Idema Rd Markham ON L 2R 1A9,"25,615.46"
VISIONUP CANADA INC,4054 148th Ave NE Redmond WA 98052 USA,"182,114.46"
VIVA HEALTH #121 -11780 Hammersmith Way,Richmond BC V 7A 5E9,768.82
VIVA HEALTH SKINCARE #121 -11780 Hammersmith Way,Richmond BC V 7A 5E9,"1,098.60"
W&J Fashion Trade #301 -4936 Yonge Street,North York ON M 2N 6S3,"2,447.57"
WANGYUANJI INNOVATION,"1901 -1, 108 -4 huishan ave, Huishan District TECHNOLOGY (WUXI) Wuxi China CO.,LTD","11,243.01"
WANSHI USA INC,"1915 Huntington Dr, UNIT A Duarte CA 91010 USA","1,033.55"
WATSON USA INC,1313 E MAPLES ST SUITE 201 BELLINGHAM WA 98225 -5708 USA,"2,732.53"
WE4BABY,140 -13431 Maycrest Way DISTRIBUTION (2731045 Richmond BC V 6V 2M3 ONTARIO INC ),"5,300.49"
WENHOME Ltd,1001 Arrow Rd North York ON M 9M 2Z5,"1,003.23"
WENHOME PET,"1001 Arrow Rd, North York ON M 9M 2Z5","2,016.31"
Wesgroup Properties Suite,2000 – 595 Burrard Street Vancouver BC V 6C 0E4,"166,745.00"
XGIMI,101 -1520 Rand Ave Vancouver BC V 6P 3G2,"63,618.34"
XIANGDEZHAI BAKERY LTD UNIT,134 -70 SILVER STAR BLVD Scarborough ON M 1V 5E6,"2,998.90"
XINGYUN GROUP,170 Torbay Rd MARKHAM ON L 3R 1G6,"97,785.26"
YILING BC--20073,"3/F, B5 Building, Fuyong Baishixia Xintang Industrial Park, Baoan District, Shenzhen City Guangdong China","9,378.00"
YILING INTERNATIONAL,"3/F B5 Building, Fuyong Baishixia Xintang Industrial LIMITED Park, Baoan District , Shenzhen City Guangdong China","2,161.45"
YUUMI PET INC,1211 -115 MCMAHON DRIVE NORTH YORK ON M 2K 0E3,"5,921.44"
ZHAO TEA LLC,11117 Linda Vista Drive Cupertino CA 95054 USA,279.50
ZHENGHE INTERNATIONAL,1870 BIRCHMOUNT RD LTD Scarborough ON M 1P2J7,"144,023.95"
Zhengjia Internationl Trade,21 Kirvan Drive LTD Guelph ON N 1G 0A8,"1,275.92"
ZILLABEAU CANADA,5298 GRIMMER ST BURNABY BC V 5H 2H2,332.66
Zwilling J.A. Henckels,435 Cochrane Dr Markham ON L 3R 9R5,"37,676.27"
Total,,"15,843,157.75"
